{"by_surface": {"asphalt": {"n": 39, "roughness": "smooth", "a_w_median": 0.7214557871766267, "a_w_mean": 0.9311956491154404}, "sett": {"n": 1, "roughness": "rough", "a_w_median": 6.544633220132036, "a_w_mean": 6.544633220132036}, "unknown": {"n": 2, "roughness": "unknown", "a_w_median": 0.7745848476334235, "a_w_mean": 0.7745848476334235}}, "spearman": 0.25662904986688456, "n_segments": 42, "n_known": 40}