{"by_surface": {"asphalt": {"n": 36, "roughness": "smooth", "a_w_median": 0.7203667277254053, "a_w_mean": 0.7222267650336405}, "sett": {"n": 4, "roughness": "rough", "a_w_median": 3.916239647868748, "a_w_mean": 4.2152749986057865}, "unknown": {"n": 2, "roughness": "unknown", "a_w_median": 0.7745848476334235, "a_w_mean": 0.7745848476334235}}, "spearman": 0.3248610613681575, "n_segments": 42, "n_known": 40}