{"by_surface": {"asphalt": {"n": 35, "roughness": "smooth", "a_w_median": 0.6980962805184285, "a_w_mean": 0.9931849183465435}, "sett": {"n": 1, "roughness": "rough", "a_w_median": 6.6257659897441705, "a_w_mean": 6.6257659897441705}, "unknown": {"n": 3, "roughness": "unknown", "a_w_median": 0.571790704468105, "a_w_mean": 0.5364415830108635}}, "spearman": 0.26847611879856403, "n_segments": 39, "n_known": 36}