{"by_surface": {"asphalt": {"n": 42, "roughness": "smooth", "a_w_median": 0.8363810198664619, "a_w_mean": 1.036185219225235}, "sett": {"n": 1, "roughness": "rough", "a_w_median": 8.61810561229295, "a_w_mean": 8.61810561229295}}, "spearman": 0.26111648393354675, "n_segments": 43, "n_known": 43}