{"by_surface": {"asphalt": {"n": 40, "roughness": "smooth", "a_w_median": 0.8154290004589092, "a_w_mean": 1.0166980154422607}, "sett": {"n": 1, "roughness": "rough", "a_w_median": 8.496181780829287, "a_w_mean": 8.496181780829287}}, "spearman": 0.2672612419124244, "n_segments": 41, "n_known": 41}