{"by_surface": {"asphalt": {"n": 39, "roughness": "smooth", "a_w_median": 0.8068488931769667, "a_w_mean": 0.8529649287672126}, "sett": {"n": 4, "roughness": "rough", "a_w_median": 4.74845860217374, "a_w_mean": 4.718063149457881}}, "spearman": 0.29032862292703643, "n_segments": 43, "n_known": 43}