{"by_surface": {"asphalt": {"n": 35, "roughness": "smooth", "a_w_median": 0.45055277787148473, "a_w_mean": 0.49372650398830203}, "sett": {"n": 2, "roughness": "rough", "a_w_median": 0.5194365677740236, "a_w_mean": 0.5194365677740236}, "unknown": {"n": 3, "roughness": "unknown", "a_w_median": 0.4889742634875959, "a_w_mean": 0.4822112010892386}}, "spearman": 0.02238868314198225, "n_segments": 40, "n_known": 37}