{"by_surface": {"asphalt": {"n": 37, "roughness": "smooth", "a_w_median": 0.45055277787148473, "a_w_mean": 0.4951162371659086}, "unknown": {"n": 3, "roughness": "unknown", "a_w_median": 0.4889742634875959, "a_w_mean": 0.4822112010892386}}, "spearman": null, "n_segments": 40, "n_known": 37}